  {

    "metadata": {
      "formatVersion" : 3.1,
      "generatedBy"   : "Blender 2.7 Exporter",
      "vertices"      : 69,
      "faces"         : 68,
      "normals"       : 60,
      "colors"        : 0,
      "uvs"           : [],
      "materials"     : 1,
      "morphTargets"  : 0,
      "bones"         : 0
    },

      "scale" : 1.000000,
      
      "vertices" : [-1.45157,0.343935,-0.5,-1.45157,0.779349,-0.5,-1.45157,0.343935,0.5,-1.45157,0.779349,0.5,1.56607,0.678671,0.5,1.56607,0.678671,-0.5,1.36113,0.343935,0.5,1.36113,0.343935,-0.5,0.83178,0.779349,0.5,0.83178,0.779349,-0.5,-1.46155,0.446276,-0.5,1.63416,0.505267,0.503713,1.59575,0.756136,1.00371,-1.51155,0.756136,1.00371,1.68416,0.506184,0.953713,1.2072,0.137331,0.978713,1.68416,0.6036,1.00371,1.59575,0.756136,0.503712,1.68416,0.6036,0.503712,1.68416,0.505267,0.503713,1.2072,0.136415,0.503713,-1.51155,0.756136,0.503713,1.63416,0.506184,0.978713,-1.51155,0.447192,0.954161,1.68416,0.506184,1.00371,-1.51155,0.447192,1.00371,-1.51155,0.446276,0.503713,-1.34801,0.137331,0.978713,-1.34801,0.136415,0.503713,-1.46155,0.447192,0.953713,-1.46155,0.446276,0.503713,1.17122,0.166555,0.978713,1.52097,0.495679,0.978713,-1.30733,0.166555,0.978713,-1.41747,0.446848,0.953713,1.17122,0.166555,0.944635,1.52097,0.495679,0.944635,-1.30733,0.166555,0.944636,-1.41747,0.446848,0.919636,1.60312,0.594222,0.500344,1.60312,0.594222,-0.499656,1.63416,0.505267,-0.501582,1.59575,0.756136,-1.00158,-1.51155,0.756136,-1.00158,1.68416,0.506184,-0.951582,1.2072,0.137331,-0.976583,1.68416,0.6036,-1.00158,1.59575,0.756136,-0.501582,1.68416,0.6036,-0.501582,1.68416,0.505267,-0.501582,1.2072,0.136415,-0.501583,-1.51155,0.756136,-0.501583,1.63416,0.506184,-0.976582,-1.51155,0.447192,-0.950334,1.68416,0.506184,-1.00158,-1.51155,0.447192,-1.00158,-1.51155,0.446276,-0.501583,-1.34801,0.137331,-0.976583,-1.34801,0.136415,-0.501583,-1.46155,0.447192,-0.951583,-1.46155,0.446276,-0.501583,1.17122,0.166555,-0.976583,1.52097,0.495679,-0.976582,-1.30733,0.166555,-0.976583,-1.41747,0.446848,-0.951583,1.17122,0.166555,-0.942505,1.52097,0.495679,-0.942505,-1.30733,0.166555,-0.942505,-1.41747,0.446848,-0.917505],
      "faces"    : [35,1,0,2,3,0,0,1,2,3,35,1,3,8,9,0,0,3,4,5,35,4,5,9,8,0,6,7,5,4,35,7,40,39,6,0,8,9,10,11,35,0,7,6,2,0,1,8,11,2,35,2,6,8,3,0,2,11,4,3,34,4,8,6,0,6,4,11,35,0,1,9,7,0,1,0,5,8,34,5,7,9,0,7,8,5,34,16,24,14,0,12,13,14,34,19,11,18,0,15,16,17,35,12,17,21,13,0,18,19,0,3,35,12,16,18,17,0,18,12,17,19,35,14,19,18,16,0,14,15,17,12,35,27,15,31,33,0,20,21,22,23,35,20,28,30,11,0,24,25,26,16,35,15,20,11,22,0,21,24,16,27,35,28,27,29,30,0,25,20,28,26,35,23,14,24,25,0,29,14,13,30,34,12,24,16,0,18,13,12,34,13,25,24,0,3,30,13,34,12,13,24,0,18,3,13,34,23,25,13,0,29,30,3,35,26,30,29,23,0,31,26,28,29,35,23,13,21,26,0,29,3,0,31,35,19,14,22,11,0,15,14,27,16,34,17,30,21,0,19,26,0,34,18,11,30,0,17,16,26,34,17,18,30,0,19,17,26,34,26,21,30,0,31,0,26,35,33,31,35,37,0,23,22,32,33,35,29,27,33,34,0,28,20,23,34,35,22,29,34,32,0,27,28,34,35,35,15,22,32,31,0,21,27,35,22,35,36,38,37,35,0,36,37,33,32,35,34,33,37,38,0,34,23,33,37,35,32,34,38,36,0,35,34,37,36,35,31,32,36,35,0,22,35,36,32,35,4,39,40,5,0,6,10,9,7,34,46,44,54,0,17,38,39,34,49,48,41,0,40,12,41,35,42,43,51,47,0,19,0,3,18,35,42,47,48,46,0,19,18,12,17,35,44,46,48,49,0,38,17,12,40,35,57,63,61,45,0,42,43,44,45,35,50,41,60,58,0,46,41,47,48,35,45,52,41,50,0,45,49,41,46,35,58,60,59,57,0,48,47,50,42,35,53,55,54,44,0,51,52,39,38,34,42,55,43,0,19,52,0,34,46,54,55,0,17,39,52,34,42,46,55,0,19,17,52,34,53,43,55,0,51,0,52,35,56,53,59,60,0,53,51,50,47,35,53,56,51,43,0,51,53,3,0,35,49,41,52,44,0,40,41,49,38,34,47,41,48,0,18,41,12,34,51,60,41,0,3,47,41,34,47,51,41,0,18,3,41,34,56,60,51,0,53,47,3,35,63,67,65,61,0,43,54,55,44,35,59,64,63,57,0,50,56,43,42,35,52,62,64,59,0,49,57,56,50,35,45,61,62,52,0,45,44,57,49,35,66,65,67,68,0,58,55,54,59,35,64,68,67,63,0,56,59,54,43,35,62,66,68,64,0,57,58,59,56,35,61,65,66,62,0,44,55,58,57],
      "uvs"      : [],
      "normals"  : [-0.577349,0.577349,-0.577349,-0.577349,-0.577349,-0.577349,-0.577349,-0.577349,0.577349,-0.577349,0.577349,0.577349,0.049135,0.720115,0.692099,0.049135,0.720115,-0.692099,0.555712,0.734886,0.388684,0.554552,0.735374,-0.389447,0.314768,-0.742424,-0.591327,0.984375,-0.176031,0,0.984161,-0.17716,0,0.315012,-0.742515,0.591083,0.731315,0.1966,0.653066,0.582141,-0.57149,0.578326,0.660787,-0.750542,0.000824,0.57741,-0.577868,-0.576739,0.212195,-0.569536,-0.794092,0.731315,0.1966,-0.653066,0.39555,0.686483,0.610096,0.39555,0.686483,-0.610096,-0.590808,-0.171545,0.788354,0.35493,-0.41084,0.839747,-0.221046,0.557482,0.800195,0.264443,0.444716,0.855739,0.355022,-0.410932,-0.839686,-0.593951,-0.217627,-0.774468,-0.291696,-0.417188,-0.860714,0.393811,-0.879208,0.268014,-0.548814,-0.715323,0.432508,-0.705069,-0.709128,0.000702,-0.572466,-0.583117,0.576373,-0.577227,-0.57799,-0.5768,-0.282846,0.732139,0.619617,0.456679,0.674581,0.579913,0.280007,-0.121128,0.9523,-0.191046,-0.041749,0.980682,-0.781671,-0.299203,0.547166,0.671529,-0.461654,0.579547,0.660726,-0.750603,-0.000824,0.582141,-0.57149,-0.578326,0.57741,-0.577868,0.576739,0.212195,-0.569536,0.794092,-0.590808,-0.171545,-0.788324,0.264443,0.444716,-0.855739,-0.221046,0.557482,-0.800195,0.35493,-0.41084,-0.839747,0.355022,-0.410932,0.839686,-0.291726,-0.417188,0.860714,-0.593951,-0.217627,0.774468,0.393811,-0.879208,-0.268014,-0.553514,-0.709464,-0.43614,-0.701315,-0.712821,-0.000732,-0.572466,-0.583117,-0.576373,-0.577227,-0.57796,0.5768,0.456679,0.674581,-0.579913,-0.282846,0.732139,-0.619617,0.280007,-0.121128,-0.9523,-0.191046,-0.041749,-0.980682,-0.781671,-0.299203,-0.547166,0.671529,-0.461654,-0.579547],
      
      "skinIndices"  : [],
      "skinWeights"  : [],
      "morphTargets" : [],
      
      "bones"      : [],
      "animations" : [],
      
      "colors"    : [],
      "materials" : [
				{
					"DbgColor": 15658734,
					"DbgIndex": 0,
					"DbgName": "Material",
					"blending": "NormalBlending",
					"colorAmbient": [0.6400000190734865, 0.6400000190734865, 0.6400000190734865],
					"colorDiffuse": [0.6400000190734865, 0.6400000190734865, 0.6400000190734865],
					"colorEmissive": [0.0, 0.0, 0.0],
					"colorSpecular": [0.5, 0.5, 0.5],
					"depthTest": true,
					"depthWrite": true,
					"shading": "Lambert",
					"specularCoef": 50,
					"transparency": 1.0,
					"transparent": false,
					"vertexColors": false
				}
      ]


  }
