  {

    "metadata": {
      "formatVersion" : 3.1,
      "generatedBy"   : "Blender 2.7 Exporter",
      "vertices"      : 178,
      "faces"         : 163,
      "normals"       : 115,
      "colors"        : 0,
      "uvs"           : [],
      "materials"     : 1,
      "morphTargets"  : 0,
      "bones"         : 0
    },

      "scale" : 1.000000,
      
      "vertices" : [-0.0804946,1.27593,-0.37274,-0.180679,1.27593,-0.355074,-0.26878,1.27593,-0.30421,-0.334171,1.27593,-0.22628,-0.368964,1.27593,-0.130685,-0.368964,1.27593,-0.028955,-0.33417,1.27593,0.0666398,-0.26878,1.27593,0.144569,-0.180679,1.27593,0.195434,-0.0804947,1.27593,0.2131,0.0196897,1.27593,0.195434,0.10779,1.27593,0.144569,0.173181,1.27593,0.0666399,0.207975,1.27593,-0.028955,0.207975,1.27593,-0.130685,0.173181,1.27593,-0.22628,0.107791,1.27593,-0.304209,0.01969,1.27593,-0.355074,-0.0804946,1.24053,-0.37274,-0.180679,1.24053,-0.355074,-0.26878,1.24053,-0.30421,-0.334171,1.24053,-0.22628,-0.368964,1.24053,-0.130685,-0.368964,1.24053,-0.028955,-0.33417,1.24053,0.0666398,-0.26878,1.24053,0.144569,-0.180679,1.24053,0.195434,-0.0804947,1.24053,0.2131,0.0196897,1.24053,0.195434,0.10779,1.24053,0.144569,0.173181,1.24053,0.0666399,0.207975,1.24053,-0.028955,0.207975,1.24053,-0.130685,0.173181,1.24053,-0.22628,0.107791,1.24053,-0.304209,0.01969,1.24053,-0.355074,-0.0804946,1.27593,-0.37274,-0.180679,1.27593,-0.355074,-0.26878,1.27593,-0.30421,-0.334171,1.27593,-0.22628,-0.368964,1.27593,-0.130685,-0.368964,1.27593,-0.028955,-0.33417,1.27593,0.0666398,-0.26878,1.27593,0.144569,-0.180679,1.27593,0.195434,-0.0804947,1.27593,0.2131,0.0196897,1.27593,0.195434,0.10779,1.27593,0.144569,0.173181,1.27593,0.0666399,0.207975,1.27593,-0.028955,0.207975,1.27593,-0.130685,0.173181,1.27593,-0.22628,0.107791,1.27593,-0.304209,0.01969,1.27593,-0.355074,2.00079,1.10667,-0.0147828,2.34925,1.11884,-0.0147828,2.34868,1.13521,0.0247652,2.34925,1.11884,0.0643133,2.35063,1.07931,0.0806946,2.35201,1.03979,0.0643133,2.35258,1.02342,0.0247652,2.35201,1.03979,-0.0147828,2.35063,1.07931,-0.0311641,2.00021,1.12304,0.0247652,2.00079,1.10667,0.0643133,2.00217,1.06714,0.0806946,2.00355,1.02762,0.0643133,2.00412,1.01125,0.0247652,2.00355,1.02762,-0.0147828,2.00217,1.06714,-0.0311641,2.35063,1.07931,-0.0552348,2.3526,1.02278,-0.0318033,2.35342,0.999362,0.0247652,2.3526,1.02278,0.0813338,2.35063,1.07931,0.104765,2.34865,1.13585,0.0813338,2.34784,1.15926,0.0247652,2.34865,1.13585,-0.0318034,2.34925,1.11884,-0.0147828,2.34868,1.13521,0.0247652,2.34925,1.11884,0.0643133,2.35063,1.07931,0.0806946,2.35201,1.03979,0.0643133,2.35258,1.02342,0.0247652,2.35201,1.03979,-0.0147828,2.35063,1.07931,-0.0311641,1.40401,1.05925,-0.0268199,1.41055,1.00306,-0.00338846,1.41326,0.979784,0.0531801,1.41055,1.00306,0.109749,1.40401,1.05925,0.13318,1.39747,1.11544,0.109749,1.39476,1.13871,0.0531801,1.39747,1.11544,-0.00338846,2.35063,1.07931,-0.0552348,2.3526,1.02278,-0.0318033,2.35342,0.999362,0.0247652,2.3526,1.02278,0.0813338,2.35063,1.07931,0.104765,2.34865,1.13585,0.0813338,2.34784,1.15926,0.0247652,2.34865,1.13585,-0.0318034,1.30134,1.06024,-0.065667,1.30924,0.976766,-0.0308575,1.31252,0.94219,0.0531801,1.30924,0.976766,0.137218,1.30134,1.06024,0.172027,1.29344,1.15712,0.12174,1.29017,1.20163,0.0531801,1.29344,1.15712,-0.0153801,0.518277,1.04963,-0.065667,0.526179,0.966152,-0.0308575,0.529453,0.931576,0.0531801,0.526179,0.966152,0.137218,0.518277,1.04963,0.172027,0.510375,1.11554,0.137218,0.507102,1.15937,0.0531801,0.510375,1.11554,-0.0308575,0.579312,1.24053,0.597939,0.579313,1.24053,-0.598654,0.781584,0.841565,0.749642,0.781584,0.841565,-0.750358,-1.01615,1.24053,0.597939,-1.01615,1.24053,-0.598655,-1.21842,0.841565,0.749642,-1.21842,0.841565,-0.750358,0.743077,0.995375,-0.476534,0.743077,0.976354,-0.462715,0.743077,0.983619,-0.440354,0.743077,1.00713,-0.440354,0.743077,1.0144,-0.462715,1.24308,0.995375,-0.476534,1.24308,0.976354,-0.462715,1.24308,0.983619,-0.440354,1.24308,1.00713,-0.440354,1.24308,1.0144,-0.462715,0.743077,0.995375,-0.456534,1.24308,0.995375,-0.456534,-0.802381,1.2371,-0.444668,-0.795724,1.2371,-0.439831,-0.798267,1.2371,-0.432005,-0.806496,1.2371,-0.432005,-0.809039,1.2371,-0.439831,-0.802381,1.9671,-0.444668,-0.795724,1.9671,-0.439831,-0.798267,1.9671,-0.432005,-0.806496,1.9671,-0.432005,-0.809039,1.9671,-0.439831,-0.802381,1.2371,-0.437668,-0.802381,1.9671,-0.437668,-0.768392,1.5735,-0.319002,-0.768392,1.2371,-0.319002,-0.775049,1.5735,-0.321165,-0.772506,1.5735,-0.313339,-0.764277,1.5735,-0.313339,-0.761734,1.5735,-0.321165,-0.768392,1.5735,-0.326002,-0.775049,1.2371,-0.321165,-0.772506,1.2371,-0.313339,-0.764277,1.2371,-0.313339,-0.761734,1.2371,-0.321165,-0.768392,1.2371,-0.326002,0.538006,0.780545,0.566959,0.538006,0.780545,-0.567675,-0.974839,0.780545,0.566959,-0.974838,0.780545,-0.567675,0.781584,0.841565,-0.000357963,1.02458,0.889485,-0.438369,1.02458,0.889485,0.437653,0.579313,1.24053,-0.000357503,0.579313,1.24053,-0.299506,0.579312,1.24053,0.298791,-0.0315569,0.841565,-0.94381,-0.031557,1.24053,-0.647945,-0.0315576,1.24053,0.647229,-0.0315572,0.841565,0.943094,-1.29725,0.841565,-0.000358141,-1.04853,1.24053,-0.00035804],